family,tier,problem,label,reason
active-muddy-child,1-basic,g-amc-04-03-clean-s1017,train,clean
active-muddy-child,1-basic,g-amc-07-05-clean-s1068,train,clean
active-muddy-child,1-basic,g-amc-07-02-clean-s1051,train,clean
active-muddy-child,1-basic,g-amc-11-05-clean-s1136,validation,clean
active-muddy-child,1-basic,g-amc-10-07-clean-s1119,validation,clean
active-muddy-child,1-basic,g-amc-04-02-muddy-s1500,train,muddy
active-muddy-child,1-basic,g-amc-05-05-muddy-s1534,train,muddy
active-muddy-child,1-basic,g-amc-08-06-muddy-s1585,train,muddy
active-muddy-child,1-basic,g-amc-11-06-muddy-s1636,validation,muddy
active-muddy-child,1-basic,g-amc-10-05-muddy-s1602,validation,muddy
blocks-world,1-basic,g-bw-06-s2,train,classical
blocks-world,1-basic,g-bw-05-s2,train,classical
blocks-world,1-basic,g-bw-06-s3,train,classical
blocks-world,1-basic,g-bw-07-s3,validation,classical
blocks-world,1-basic,g-bw-07-s2,validation,classical
blocks-world,3-hard,g-bw-3-3-2-clumsy-w2-disj-s2,train,clumsy
blocks-world,3-hard,g-bw-3-3-2-clumsy-w2-disj-s3,train,clumsy
blocks-world,3-hard,g-bw-3-3-2-clumsy-w3-common-s3,train,clumsy
blocks-world,3-hard,g-bw-3-5-2-clumsy-w2-disj-s1,validation,clumsy
blocks-world,3-hard,g-bw-3-5-2-clumsy-w2-disj-s3,validation,clumsy
blocks-world,2-intermediate,g-bw-3-04-2-w3-s1,train,epistemic
blocks-world,2-intermediate,g-bw-3-03-2-w3-s1,train,epistemic
blocks-world,2-intermediate,g-bw-3-03-2-w2-s2,train,epistemic
blocks-world,2-intermediate,g-bw-3-06-2-w2-s5,validation,epistemic
blocks-world,2-intermediate,g-bw-3-06-2-w2-s6,validation,epistemic
cloud-scheduling,2-intermediate,g-cloud-17-len09,train,-
cloud-scheduling,2-intermediate,g-cloud-18-len10,train,-
cloud-scheduling,2-intermediate,g-cloud-19-len12,train,-
cloud-scheduling,2-intermediate,g-cloud-22-len15,validation,-
cloud-scheduling,2-intermediate,g-cloud-23-len16,validation,-
consecutive-numbers,1-basic,g-cn-2-07-b4,train,-
consecutive-numbers,1-basic,g-cn-3-11-k2,train,-
consecutive-numbers,1-basic,g-cn-2-19-b10,train,-
consecutive-numbers,1-basic,g-cn-2-18-b12,validation,-
consecutive-numbers,1-basic,g-cn-2-17-b10,validation,-
gossip,2-intermediate,g-gos-03-all-sh3s3,train,all
gossip,2-intermediate,g-gos-03-all-sh1s1,train,all
gossip,1-basic,g-gos-04-all,train,all
gossip,1-basic,g-gos-06-all,validation,all
gossip,1-basic,g-gos-05-all-sh2s3,validation,all
gossip,3-hard,g-gos-03-all-deceived,train,all-deceived
gossip,3-hard,g-gos-04-all-deceived-sh1s1,train,all-deceived
gossip,3-hard,g-gos-04-all-deceived-sh1s2,train,all-deceived
gossip,3-hard,g-gos-05-all-deceived-sh1s8,validation,all-deceived
gossip,3-hard,g-gos-05-all-deceived-sh1s5,validation,all-deceived
gossip,3-hard,g-gos-03-imp-deceived,train,imp-deceived
gossip,3-hard,g-gos-04-imp-deceived-sh1s1,train,imp-deceived
gossip,3-hard,g-gos-04-imp-deceived-sh1s2,train,imp-deceived
gossip,3-hard,g-gos-04-imp-deceived-sh2s3,validation,imp-deceived
gossip,1-basic,g-gos-03-single,train,single
gossip,2-intermediate,g-gos-03-single-tC,train,single
gossip,1-basic,g-gos-04-single-tB,train,single
gossip,1-basic,g-gos-06-single,validation,single
gossip,2-intermediate,g-gos-05-single-tC,validation,single
search-and-rescue,2-intermediate,g-sar-21-n2-fire,train,fire
search-and-rescue,2-intermediate,g-sar-13-n2-fire,train,fire
search-and-rescue,2-intermediate,g-sar-11-n2-fire,train,fire
search-and-rescue,2-intermediate,g-sar-17-n4-fire,validation,fire
search-and-rescue,2-intermediate,g-sar-18-n4-fire,validation,fire
search-and-rescue,2-intermediate,g-sar-06-n4-nofire,train,nofire
search-and-rescue,2-intermediate,g-sar-05-n4-nofire,train,nofire
search-and-rescue,2-intermediate,g-sar-02-n3-nofire,train,nofire
search-and-rescue,2-intermediate,g-sar-08-n5-nofire,validation,nofire
search-and-rescue,2-intermediate,g-sar-07-n5-nofire,validation,nofire
selective-communication,2-intermediate,g-sc-02-04-s2000,train,-
selective-communication,2-intermediate,g-sc-03-06-s2062,train,-
selective-communication,2-intermediate,g-sc-03-05-s2031,train,-
selective-communication,2-intermediate,g-sc-06-08-s2186,validation,-
selective-communication,2-intermediate,g-sc-06-09-s2217,validation,-
