team,problem,instance,status,solution,cpu_time_s,wall_time_s,max_mem_kb,is_solution_correct,error
"baseline-deep","benchmarks/1-basic/active-muddy-child/problems/amc-03-02-clean.epddl","1","correct","ask_Child2; ask_Child3","0.005427","0.053761","7396","true",""
"baseline-deep","benchmarks/1-basic/active-muddy-child/problems/amc-03-03-muddy.epddl","1","correct","ask_Child2; ask_Child3","0.005344","0.054840","7280","true",""
"baseline-deep","benchmarks/1-basic/active-muddy-child/problems/amc-06-03-clean.epddl","1","correct","ask_Child2; ask_Child3; ask_Child4; ask_Child5; ask_Child6","0.440528","0.456755","33520","true",""
"baseline-deep","benchmarks/1-basic/active-muddy-child/problems/amc-06-06-muddy.epddl","1","correct","ask_Child2; ask_Child3; ask_Child4; ask_Child5; ask_Child6","0.316363","0.356888","23240","true",""
"baseline-deep","benchmarks/1-basic/active-muddy-child/problems/amc-09-05-clean.epddl","1","correct","ask_Child2; ask_Child3; ask_Child4; ask_Child5; ask_Child6; ask_Child7; ask_Child8; ask_Child9","102.911735","103.459349","2473492","true",""
"baseline-deep","benchmarks/1-basic/active-muddy-child/problems/amc-09-05-muddy.epddl","1","correct","ask_Child2; ask_Child3; ask_Child4; ask_Child5; ask_Child6; ask_Child7; ask_Child8; ask_Child9","133.475530","134.581041","3214328","true",""
"baseline-deep","benchmarks/1-basic/active-muddy-child/problems/amc-09-09-muddy.epddl","1","correct","ask_Child2; ask_Child3; ask_Child4; ask_Child5; ask_Child6; ask_Child7; ask_Child8; ask_Child9","86.217462","86.709672","1523396","true",""
"baseline-deep","benchmarks/1-basic/active-muddy-child/problems/amc-12-06-clean.epddl","1","memout","","425.960000","428.827885","16866096","false","RSS exceeded 16384 MiB"
"baseline-deep","benchmarks/1-basic/active-muddy-child/problems/amc-12-06-muddy.epddl","1","memout","","394.810000","400.476967","16819228","false","RSS exceeded 16384 MiB"
"baseline-deep","benchmarks/1-basic/active-muddy-child/problems/amc-12-12-muddy.epddl","1","memout","","523.440000","526.642551","16899240","false","RSS exceeded 16384 MiB"
"baseline-deep","benchmarks/1-basic/blocks-world/problems/bw-05.epddl","1","correct","unstack_b4_b2; put-down_b4; unstack_b2_b5; put-down_b2; pick-up_b1; stack_b1_b2; pick-up_b4; stack_b4_b1; pick-up_b5; stack_b5_b4; pick-up_b3; stack_b3_b5","0.400709","0.410644","46312","true",""
"baseline-deep","benchmarks/1-basic/blocks-world/problems/bw-10.epddl","1","memout","","151.610000","154.134899","16849056","false","RSS exceeded 16384 MiB"
"baseline-deep","benchmarks/1-basic/blocks-world/problems/bw-15.epddl","1","memout","","103.760000","105.130209","16893792","false","RSS exceeded 16384 MiB"
"baseline-deep","benchmarks/1-basic/blocks-world/problems/bw-20.epddl","1","memout","","129.880000","131.794831","16830284","false","RSS exceeded 16384 MiB"
"baseline-deep","benchmarks/1-basic/blocks-world/problems/bw-25.epddl","1","memout","","116.900000","118.509813","16802968","false","RSS exceeded 16384 MiB"
"baseline-deep","benchmarks/1-basic/blocks-world/problems/bw-30.epddl","1","memout","","111.820000","113.478411","16808156","false","RSS exceeded 16384 MiB"
"baseline-deep","benchmarks/1-basic/blocks-world/problems/bw-35.epddl","1","memout","","141.140000","142.913986","16794952","false","RSS exceeded 16384 MiB"
"baseline-deep","benchmarks/1-basic/blocks-world/problems/bw-40.epddl","1","memout","","110.570000","111.565966","16801704","false","RSS exceeded 16384 MiB"
"baseline-deep","benchmarks/1-basic/blocks-world/problems/bw-45.epddl","1","memout","","99.510000","100.499557","16895964","false","RSS exceeded 16384 MiB"
"baseline-deep","benchmarks/1-basic/blocks-world/problems/bw-50.epddl","1","memout","","129.690000","130.716816","16841524","false","RSS exceeded 16384 MiB"
"baseline-deep","benchmarks/1-basic/consecutive-numbers/problems/cn-2-05.epddl","1","correct","idk_B_A_n1; idk_A_B_n2; idk_B_A_n3","0.007499","0.059804","7592","true",""
"baseline-deep","benchmarks/1-basic/consecutive-numbers/problems/cn-2-15.epddl","1","correct","idk_B_A_n1; idk_A_B_n2; idk_B_A_n3; idk_B_A_n9; idk_A_B_n8; idk_B_A_n7; idk_A_B_n6; idk_B_A_n5","0.096965","0.107756","7940","true",""
"baseline-deep","benchmarks/1-basic/consecutive-numbers/problems/cn-2-20.epddl","1","correct","idk_B_A_n1; idk_A_B_n2; idk_B_A_n3; idk_B_A_n19; idk_A_B_n18; idk_B_A_n17; idk_A_B_n16; idk_B_A_n15; idk_A_B_n14; idk_B_A_n13; idk_A_B_n12; idk_B_A_n11; idk_A_B_n10; idk_B_A_n9; idk_A_B_n8; idk_B_A_n7; idk_A_B_n6; idk_B_A_n5","3.759260","3.805970","11120","true",""
"baseline-deep","benchmarks/1-basic/consecutive-numbers/problems/cn-3-05.epddl","1","no-plan","","0.018219","0.059118","7204","false","DEEP exhausted the search without finding a goal"
"baseline-deep","benchmarks/1-basic/consecutive-numbers/problems/cn-3-10.epddl","1","correct","idk_A_B_n1; idk_A_C_n8; idk_B_A_n6; idk_C_A_n3","0.238865","0.260496","8560","true",""
"baseline-deep","benchmarks/1-basic/consecutive-numbers/problems/cn-3-20.epddl","1","no-plan","","4.621544","4.672903","23640","false","DEEP exhausted the search without finding a goal"
"baseline-deep","benchmarks/1-basic/consecutive-numbers/problems/cn-4-10.epddl","1","no-plan","","0.225570","0.261727","9868","false","DEEP exhausted the search without finding a goal"
"baseline-deep","benchmarks/1-basic/consecutive-numbers/problems/cn-4-20.epddl","1","no-plan","","83.470409","83.641553","243908","false","DEEP exhausted the search without finding a goal"
"baseline-deep","benchmarks/1-basic/consecutive-numbers/problems/cn-5-10.epddl","1","no-plan","","2.018552","2.087159","16876","false","DEEP exhausted the search without finding a goal"
"baseline-deep","benchmarks/1-basic/consecutive-numbers/problems/cn-5-20.epddl","1","timeout","","1200.330000","1203.224068","3042380","false","parse+solve reached the 1200s CPU budget"
"baseline-deep","benchmarks/1-basic/gossip/problems/gos-03-all.epddl","1","correct","tell_A_B; tell_A_C; tell_B_A; tell_B_C; tell_C_A; tell_C_B","0.027754","0.065520","8700","true",""
"baseline-deep","benchmarks/1-basic/gossip/problems/gos-05-all.epddl","1","memout","","594.160000","596.154427","17351512","false","RSS exceeded 16384 MiB"
"baseline-deep","benchmarks/1-basic/gossip/problems/gos-07-all.epddl","1","memout","","437.320000","438.972108","16841088","false","RSS exceeded 16384 MiB"
"baseline-deep","benchmarks/1-basic/gossip/problems/gos-07-single.epddl","1","memout","","425.220000","426.828111","16841048","false","RSS exceeded 16384 MiB"
"baseline-deep","benchmarks/1-basic/gossip/problems/gos-09-all.epddl","1","memout","","96.490000","97.445003","16933968","false","RSS exceeded 16384 MiB"
"baseline-deep","benchmarks/1-basic/gossip/problems/gos-09-single.epddl","1","memout","","97.480000","98.453911","16802276","false","RSS exceeded 16384 MiB"
"baseline-deep","benchmarks/1-basic/gossip/problems/gos-11-all.epddl","1","memout","","198.020000","199.172319","16819128","false","RSS exceeded 16384 MiB"
"baseline-deep","benchmarks/1-basic/gossip/problems/gos-11-single.epddl","1","memout","","193.980000","195.145781","16831720","false","RSS exceeded 16384 MiB"
"baseline-deep","benchmarks/1-basic/gossip/problems/gos-13-all.epddl","1","memout","","123.620000","124.654182","16952332","false","RSS exceeded 16384 MiB"
"baseline-deep","benchmarks/2-intermediate/blocks-world/problems/bw-3-03-2.epddl","1","correct","focus_B_A; focus_C_C; tell-block_A_C_b2_b1; unstack_A_b2_b1; put-down_A_b2_t1; pick-up_A_b1_t1; stack_A_b1_b2; pick-up_A_b3_t1; give_A_B_b3; focus_B_B; put-down_B_b3_t2","221.834031","222.314521","6524232","true",""
"baseline-deep","benchmarks/2-intermediate/blocks-world/problems/bw-3-04-2.epddl","1","no-plan","","0.037485","0.060484","14268","false","solver exited 0 but produced empty/null plan"
"baseline-deep","benchmarks/2-intermediate/blocks-world/problems/bw-3-05-2.epddl","1","correct","focus_B_A; unstack_A_b2_b1; focus_B_B; stack_A_b2_b1; focus_C_A; unstack_A_b2_b1; focus_B_A; stack_A_b2_b1","49.146476","49.266844","661556","true",""
"baseline-deep","benchmarks/2-intermediate/blocks-world/problems/bw-3-06-2.epddl","1","correct","focus_B_A; unstack_A_b1_b2; focus_B_B; stack_A_b1_b2; focus_C_A; unstack_A_b1_b2; focus_B_A; put-down_A_b1_t1","250.430799","250.945794","1827484","true",""
"baseline-deep","benchmarks/2-intermediate/blocks-world/problems/bw-4-05-2.epddl","1","correct","focus_D_A; unstack_A_b3_b1; stack_A_b3_b4","0.873946","0.916705","59764","true",""
"baseline-deep","benchmarks/2-intermediate/blocks-world/problems/bw-4-06-3.epddl","1","memout","","1135.870000","1139.348643","16906472","false","RSS exceeded 16384 MiB"
"baseline-deep","benchmarks/2-intermediate/blocks-world/problems/bw-4-07-3.epddl","1","timeout","","1200.980000","1205.010855","10083712","false","parse+solve reached the 1200s CPU budget"
"baseline-deep","benchmarks/2-intermediate/blocks-world/problems/bw-5-07-3.epddl","1","timeout","","1200.030000","1204.241507","13630140","false","parse+solve reached the 1200s CPU budget"
"baseline-deep","benchmarks/2-intermediate/blocks-world/problems/bw-5-08-3.epddl","1","timeout","","1200.960000","1205.316722","14352112","false","parse+solve reached the 1200s CPU budget"
"baseline-deep","benchmarks/2-intermediate/blocks-world/problems/bw-5-10-3.epddl","1","timeout","","1200.990000","1205.092185","7637584","false","parse+solve reached the 1200s CPU budget"
"baseline-deep","benchmarks/2-intermediate/cloud-scheduling/problems/cloud-01-len03.epddl","1","correct","observe-completion_task1; validate-completion_task1; report-to-tenant_task1_tenant1","0.008817","0.059247","7956","true",""
"baseline-deep","benchmarks/2-intermediate/cloud-scheduling/problems/cloud-02-len04.epddl","1","correct","start-execution_task1; observe-completion_task1; validate-completion_task1; report-to-tenant_task1_tenant1","0.009705","0.059377","7952","true",""
"baseline-deep","benchmarks/2-intermediate/cloud-scheduling/problems/cloud-03-len06.epddl","1","correct","sense-workload_task1; schedule-task_task1; start-execution_task1; observe-completion_task1; validate-completion_task1; report-to-tenant_task1_tenant1","0.007880","0.059479","7812","true",""
"baseline-deep","benchmarks/2-intermediate/cloud-scheduling/problems/cloud-04-len09.epddl","1","correct","sense-workload_task1; schedule-task_task1; start-execution_task1; observe-completion_task1; observe-completion_task2; validate-completion_task1; validate-completion_task2; report-to-tenant_task1_tenant1; report-to-tenant_task2_tenant2","0.502291","0.511571","32868","true",""
"baseline-deep","benchmarks/2-intermediate/cloud-scheduling/problems/cloud-05-len10.epddl","1","correct","sense-workload_task1; schedule-task_task1; start-execution_task1; start-execution_task2; observe-completion_task1; observe-completion_task2; validate-completion_task1; validate-completion_task2; report-to-tenant_task1_tenant1; report-to-tenant_task2_tenant2","0.438930","0.461602","46264","true",""
"baseline-deep","benchmarks/2-intermediate/cloud-scheduling/problems/cloud-06-len12.epddl","1","correct","sense-workload_task1; sense-workload_task2; schedule-task_task1; schedule-task_task2; start-execution_task1; start-execution_task2; observe-completion_task1; observe-completion_task2; validate-completion_task1; validate-completion_task2; report-to-tenant_task1_tenant1; report-to-tenant_task2_tenant2","0.132097","0.160118","17576","true",""
"baseline-deep","benchmarks/2-intermediate/cloud-scheduling/problems/cloud-07-len15.epddl","1","memout","","144.060000","145.861854","17423380","false","RSS exceeded 16384 MiB"
"baseline-deep","benchmarks/2-intermediate/cloud-scheduling/problems/cloud-08-len16.epddl","1","memout","","120.930000","122.714332","16927904","false","RSS exceeded 16384 MiB"
"baseline-deep","benchmarks/2-intermediate/cloud-scheduling/problems/cloud-09-len18.epddl","1","correct","sense-workload_task1; sense-workload_task2; sense-workload_task3; schedule-task_task1; schedule-task_task2; schedule-task_task3; start-execution_task1; start-execution_task2; start-execution_task3; observe-completion_task1; observe-completion_task2; observe-completion_task3; validate-completion_task1; validate-completion_task2; validate-completion_task3; report-to-tenant_task1_tenant1; report-to-tenant_task2_tenant2; report-to-tenant_task3_tenant1","40.922923","41.225192","2480336","true",""
"baseline-deep","benchmarks/2-intermediate/cloud-scheduling/problems/cloud-10-len21.epddl","1","memout","","365.440000","367.803288","16780900","false","RSS exceeded 16384 MiB"
"baseline-deep","benchmarks/2-intermediate/gossip/problems/gos-03-all.epddl","1","correct","tell_A_B; tell_A_C; tell_B_A; tell_B_C; tell_C_A; tell_C_B","0.706178","0.713713","71324","true",""
"baseline-deep","benchmarks/2-intermediate/gossip/problems/gos-05-all.epddl","1","memout","","90.660000","92.102247","16929668","false","RSS exceeded 16384 MiB"
"baseline-deep","benchmarks/2-intermediate/gossip/problems/gos-07-all.epddl","1","memout","","373.440000","375.881283","17505368","false","RSS exceeded 16384 MiB"
"baseline-deep","benchmarks/2-intermediate/gossip/problems/gos-07-single.epddl","1","memout","","372.430000","374.808412","16952948","false","RSS exceeded 16384 MiB"
"baseline-deep","benchmarks/2-intermediate/gossip/problems/gos-09-all.epddl","1","memout","","90.690000","92.117395","17352012","false","RSS exceeded 16384 MiB"
"baseline-deep","benchmarks/2-intermediate/gossip/problems/gos-09-single.epddl","1","memout","","92.680000","94.271797","16796916","false","RSS exceeded 16384 MiB"
"baseline-deep","benchmarks/2-intermediate/gossip/problems/gos-11-all.epddl","1","memout","","181.950000","183.055164","16970768","false","RSS exceeded 16384 MiB"
"baseline-deep","benchmarks/2-intermediate/gossip/problems/gos-11-single.epddl","1","memout","","181.960000","183.129329","17430708","false","RSS exceeded 16384 MiB"
"baseline-deep","benchmarks/2-intermediate/search-and-rescue/problems/sar-01-n1-nofire.epddl","1","correct","move_D1_l0_l1; move_A1_l0_l1; sense-victim_D1_l1; announce-victim_D1_l1; rescue-victim_A1_l1","0.029097","0.063023","9132","true",""
"baseline-deep","benchmarks/2-intermediate/search-and-rescue/problems/sar-02-n2-nofire.epddl","1","correct","move_D1_l0_l1; move_D1_l1_l2; move_A1_l0_l1; move_A1_l1_l2; sense-victim_D1_l2; announce-victim_D1_l2; rescue-victim_A1_l2","0.362973","0.416335","18132","true",""
"baseline-deep","benchmarks/2-intermediate/search-and-rescue/problems/sar-03-n1-fire.epddl","1","correct","move_D1_l0_l1; move_F1_l0_l1; move_A1_l0_l1; sense-victim_D1_l1; announce-victim_D1_l1; publicly-extinguish-fire_F1_l1; rescue-victim_A1_l1","0.176321","0.213499","14344","true",""
"baseline-deep","benchmarks/2-intermediate/search-and-rescue/problems/sar-04-n3-nofire.epddl","1","correct","move_D1_l0_l1; move_D1_l1_l2; move_D1_l2_l3; move_A1_l0_l1; move_A1_l1_l2; move_A1_l2_l3; sense-victim_D1_l3; announce-victim_D1_l3; rescue-victim_A1_l3","2.486913","2.550884","119464","true",""
"baseline-deep","benchmarks/2-intermediate/search-and-rescue/problems/sar-05-n4-nofire.epddl","1","correct","move_D1_l0_l1; move_D1_l1_l2; move_D1_l2_l3; move_D1_l3_l4; move_A1_l0_l1; move_A1_l1_l2; move_A1_l2_l3; move_A1_l3_l4; sense-victim_D1_l4; announce-victim_D1_l4; rescue-victim_A1_l4","21.783362","21.944716","719260","true",""
"baseline-deep","benchmarks/2-intermediate/search-and-rescue/problems/sar-06-n2-fire.epddl","1","correct","move_D1_l0_l1; move_D1_l1_l2; move_F1_l0_l1; move_F1_l1_l2; move_A1_l0_l1; move_A1_l1_l2; sense-victim_D1_l2; announce-victim_D1_l2; publicly-extinguish-fire_F1_l2; rescue-victim_A1_l2","7.389507","7.474757","240284","true",""
"baseline-deep","benchmarks/2-intermediate/search-and-rescue/problems/sar-07-n3-fire.epddl","1","correct","move_D1_l0_l1; move_D1_l1_l2; move_D1_l2_l3; move_F1_l0_l1; move_F1_l1_l2; move_F1_l2_l3; move_A1_l0_l1; move_A1_l1_l2; move_A1_l2_l3; sense-victim_D1_l3; announce-victim_D1_l3; publicly-extinguish-fire_F1_l3; rescue-victim_A1_l3","167.705912","168.098973","6391164","true",""
"baseline-deep","benchmarks/2-intermediate/search-and-rescue/problems/sar-08-n4-fire.epddl","1","memout","","87.440000","88.405877","17355680","false","RSS exceeded 16384 MiB"
"baseline-deep","benchmarks/2-intermediate/selective-communication/problems/sc-03-04.epddl","1","correct","sense_A; sense_C","0.028618","0.061613","9952","true",""
"baseline-deep","benchmarks/2-intermediate/selective-communication/problems/sc-04-05.epddl","1","correct","sense_A; sense_C; sense_D","0.207096","0.214967","25836","true",""
"baseline-deep","benchmarks/2-intermediate/selective-communication/problems/sc-05-06.epddl","1","correct","sense_A; sense_B; sense_C; sense_D; sense_E","36.202266","36.461755","1348844","true",""
"baseline-deep","benchmarks/2-intermediate/selective-communication/problems/sc-06-07.epddl","1","memout","","601.220000","603.321998","16800232","false","RSS exceeded 16384 MiB"
"baseline-deep","benchmarks/2-intermediate/selective-communication/problems/sc-07-08.epddl","1","memout","","653.470000","655.708396","16783268","false","RSS exceeded 16384 MiB"
"baseline-deep","benchmarks/2-intermediate/selective-communication/problems/sc-08-09.epddl","1","memout","","680.630000","682.846168","16781188","false","RSS exceeded 16384 MiB"
"baseline-deep","benchmarks/2-intermediate/selective-communication/problems/sc-09-10.epddl","1","memout","","832.460000","834.886398","16778620","false","RSS exceeded 16384 MiB"
"baseline-deep","benchmarks/2-intermediate/selective-communication/problems/sc-10-11.epddl","1","memout","","939.340000","943.016999","17207100","false","RSS exceeded 16384 MiB"
"baseline-deep","benchmarks/2-intermediate/selective-communication/problems/sc-11-12.epddl","1","timeout","","1200.790000","1205.085397","16157460","false","parse+solve reached the 1200s CPU budget"
"baseline-deep","benchmarks/2-intermediate/selective-communication/problems/sc-12-13.epddl","1","timeout","","1200.760000","1204.918702","15172028","false","parse+solve reached the 1200s CPU budget"
"baseline-deep","benchmarks/3-hard/blocks-world/problems/bw-3-3-2-clumsy.epddl","1","correct","focus_B_A; pick-up_A_b3_t1; give_A_C_b3; focus_A_C; focus_B_C; focus_C_C; clumsy-stack_C_b3_b2_t2","3.844182","3.912282","112720","true",""
"baseline-deep","benchmarks/3-hard/blocks-world/problems/bw-3-5-2-clumsy.epddl","1","correct","focus_B_A; focus_C_A; unstack_A_b2_b1; focus_B_B; put-down_A_b2_t1; focus_C_B; pick-up_A_b2_t1; focus_B_A; put-down_A_b2_t1; focus_C_A; pick-up_A_b2_t1","174.606312","175.389203","1474332","true",""
"baseline-deep","benchmarks/3-hard/blocks-world/problems/bw-4-5-2-clumsy.epddl","1","timeout","","1200.690000","1205.260506","14782924","false","parse+solve reached the 1200s CPU budget"
"baseline-deep","benchmarks/3-hard/blocks-world/problems/bw-4-7-3-clumsy.epddl","1","no-plan","","163.310417","164.116651","180316","false","DEEP exhausted the search without finding a goal"
"baseline-deep","benchmarks/3-hard/blocks-world/problems/bw-5-8-3-clumsy.epddl","1","timeout","","1200.880000","1204.686872","8289348","false","parse+solve reached the 1200s CPU budget"
"baseline-deep","benchmarks/3-hard/gossip/problems/gos-04-all-deceived.epddl","1","correct","lie_Impostor_A; lie_Impostor_B","0.140401","0.162284","19396","true",""
"baseline-deep","benchmarks/3-hard/gossip/problems/gos-04-imp-deceived.epddl","1","correct","lie_Impostor_A; lie_Impostor_B; give-earpiece_Detective_A; give-earpiece_Detective_B; catch_Detective_Impostor","64.537275","64.925435","9789168","true",""
"baseline-deep","benchmarks/3-hard/gossip/problems/gos-06-all-deceived.epddl","1","memout","","121.010000","122.578459","16889612","false","RSS exceeded 16384 MiB"
"baseline-deep","benchmarks/3-hard/gossip/problems/gos-06-imp-deceived.epddl","1","memout","","94.500000","95.516651","17001152","false","RSS exceeded 16384 MiB"
"baseline-deep","benchmarks/3-hard/gossip/problems/gos-08-all-deceived.epddl","1","memout","","343.850000","345.360649","16782984","false","RSS exceeded 16384 MiB"
"baseline-deep","benchmarks/3-hard/gossip/problems/gos-08-imp-deceived.epddl","1","memout","","321.710000","323.249356","16798708","false","RSS exceeded 16384 MiB"
"baseline-deep","benchmarks/3-hard/gossip/problems/gos-10-all-deceived.epddl","1","memout","","90.460000","91.469238","16860020","false","RSS exceeded 16384 MiB"
"baseline-deep","benchmarks/3-hard/gossip/problems/gos-10-imp-deceived.epddl","1","memout","","90.470000","91.498521","16860012","false","RSS exceeded 16384 MiB"
"baseline-deep","benchmarks/3-hard/gossip/problems/gos-12-all-deceived.epddl","1","memout","","63.320000","64.311055","16877764","false","RSS exceeded 16384 MiB"
"baseline-deep","benchmarks/3-hard/gossip/problems/gos-12-imp-deceived.epddl","1","memout","","69.360000","70.351599","16926556","false","RSS exceeded 16384 MiB"
