domain,problem,split
active-muddy-child,amc-03-02-clean,train
active-muddy-child,amc-03-03-muddy,train
active-muddy-child,amc-06-03-clean,train
active-muddy-child,amc-06-06-muddy,train
active-muddy-child,amc-09-05-clean,test
active-muddy-child,amc-09-05-muddy,test
active-muddy-child,amc-09-09-muddy,test
active-muddy-child,amc-12-06-clean,test
active-muddy-child,amc-12-06-muddy,test
active-muddy-child,amc-12-12-muddy,test
blocks-world,bw-05,train
blocks-world,bw-10,train
blocks-world,bw-15,train
blocks-world,bw-20,train
blocks-world,bw-25,train
blocks-world,bw-30,train
blocks-world,bw-35,train
blocks-world,bw-40,test
blocks-world,bw-45,test
blocks-world,bw-50,test
consecutive-numbers,cn-2-05,train
consecutive-numbers,cn-2-15,train
consecutive-numbers,cn-2-20,train
consecutive-numbers,cn-3-10,train
consecutive-numbers,cn-3-20,test
consecutive-numbers,cn-4-20,test
consecutive-numbers,cn-5-20,test
gossip,gos-03-all,train
gossip,gos-05-all,train
gossip,gos-07-all,train
gossip,gos-07-single,train
gossip,gos-09-all,train
gossip,gos-09-single,train
gossip,gos-11-all,train
gossip,gos-11-single,test
gossip,gos-13-all,test
